"filename", "language", "JSON", "JavaScript", "Markdown", "HTML", "SQL", "CSS", "SCSS", "TypeScript", "PHP", "comment", "blank", "total"
"e:\Code\StudyManagement\.eslintrc.json", "JSON", 33, 0, 0, 0, 0, 0, 0, 0, 0, 0, 0, 33
"e:\Code\StudyManagement\README.md", "Markdown", 0, 0, 26, 0, 0, 0, 0, 0, 0, 0, 8, 34
"e:\Code\StudyManagement\app.js", "JavaScript", 0, 60, 0, 0, 0, 0, 0, 0, 0, 8, 13, 81
"e:\Code\StudyManagement\controllers\classes\Event.js", "JavaScript", 0, 44, 0, 0, 0, 0, 0, 0, 0, 0, 5, 49
"e:\Code\StudyManagement\controllers\classes\Subject.js", "JavaScript", 0, 107, 0, 0, 0, 0, 0, 0, 0, 0, 6, 113
"e:\Code\StudyManagement\controllers\classes\Teacher.js", "JavaScript", 0, 17, 0, 0, 0, 0, 0, 0, 0, 0, 3, 20
"e:\Code\StudyManagement\controllers\classes\Timetable.js", "JavaScript", 0, 0, 0, 0, 0, 0, 0, 0, 0, 0, 1, 1
"e:\Code\StudyManagement\controllers\classes\User.js", "JavaScript", 0, 47, 0, 0, 0, 0, 0, 0, 0, 0, 3, 50
"e:\Code\StudyManagement\controllers\quicksort.js", "JavaScript", 0, 44, 0, 0, 0, 0, 0, 0, 0, 15, 5, 64
"e:\Code\StudyManagement\controllers\replaceTemplate.js", "JavaScript", 0, 31, 0, 0, 0, 0, 0, 0, 0, 0, 3, 34
"e:\Code\StudyManagement\controllers\sendEmail.js", "JavaScript", 0, 20, 0, 0, 0, 0, 0, 0, 0, 0, 4, 24
"e:\Code\StudyManagement\controllers\session.js", "JavaScript", 0, 20, 0, 0, 0, 0, 0, 0, 0, 1, 2, 23
"e:\Code\StudyManagement\documents\data-flow\Ver2\exports\studymanagement_exp_accounts.sql", "SQL", 0, 0, 0, 0, 36, 0, 0, 0, 0, 12, 8, 56
"e:\Code\StudyManagement\documents\data-flow\Ver2\exports\studymanagement_exp_events.sql", "SQL", 0, 0, 0, 0, 37, 0, 0, 0, 0, 12, 8, 57
"e:\Code\StudyManagement\documents\data-flow\Ver2\exports\studymanagement_exp_sessions.sql", "SQL", 0, 0, 0, 0, 33, 0, 0, 0, 0, 12, 8, 53
"e:\Code\StudyManagement\documents\data-flow\Ver2\exports\studymanagement_exp_subjects.sql", "SQL", 0, 0, 0, 0, 44, 0, 0, 0, 0, 12, 8, 64
"e:\Code\StudyManagement\documents\data-flow\Ver2\exports\studymanagement_exp_teacher.sql", "SQL", 0, 0, 0, 0, 34, 0, 0, 0, 0, 12, 8, 54
"e:\Code\StudyManagement\models\connection.js", "JavaScript", 0, 16, 0, 0, 0, 0, 0, 0, 0, 0, 5, 21
"e:\Code\StudyManagement\models\studymanagement.sql", "SQL", 0, 0, 0, 0, 103, 0, 0, 0, 0, 10, 6, 119
"e:\Code\StudyManagement\models\studymanagement_accounts.sql", "SQL", 0, 0, 0, 0, 36, 0, 0, 0, 0, 12, 8, 56
"e:\Code\StudyManagement\models\studymanagement_grade.sql", "SQL", 0, 0, 0, 0, 32, 0, 0, 0, 0, 12, 8, 52
"e:\Code\StudyManagement\models\studymanagement_include.sql", "SQL", 0, 0, 0, 0, 33, 0, 0, 0, 0, 12, 8, 53
"e:\Code\StudyManagement\models\studymanagement_sessions.sql", "SQL", 0, 0, 0, 0, 33, 0, 0, 0, 0, 12, 8, 53
"e:\Code\StudyManagement\models\studymanagement_subjects.sql", "SQL", 0, 0, 0, 0, 40, 0, 0, 0, 0, 12, 8, 60
"e:\Code\StudyManagement\models\studymanagement_teacher.sql", "SQL", 0, 0, 0, 0, 34, 0, 0, 0, 0, 12, 8, 54
"e:\Code\StudyManagement\models\studymanagement_timetable.sql", "SQL", 0, 0, 0, 0, 35, 0, 0, 0, 0, 12, 8, 55
"e:\Code\StudyManagement\models\ver2\SMVer2CREATE.sql", "SQL", 0, 0, 0, 0, 46, 0, 0, 0, 0, 15, 8, 69
"e:\Code\StudyManagement\models\ver2\SMVer2SELECT.sql", "SQL", 0, 0, 0, 0, 51, 0, 0, 0, 0, 8, 12, 71
"e:\Code\StudyManagement\package-lock.json", "JSON", 2981, 0, 0, 0, 0, 0, 0, 0, 0, 0, 1, 2982
"e:\Code\StudyManagement\package.json", "JSON", 42, 0, 0, 0, 0, 0, 0, 0, 0, 0, 1, 43
"e:\Code\StudyManagement\routes\funtion-routes\eventGet.js", "JavaScript", 0, 24, 0, 0, 0, 0, 0, 0, 0, 0, 2, 26
"e:\Code\StudyManagement\routes\funtion-routes\subjectGet.js", "JavaScript", 0, 31, 0, 0, 0, 0, 0, 0, 0, 0, 2, 33
"e:\Code\StudyManagement\routes\main-routes\dashboardRouter.js", "JavaScript", 0, 31, 0, 0, 0, 0, 0, 0, 0, 2, 3, 36
"e:\Code\StudyManagement\routes\main-routes\eventRouter.js", "JavaScript", 0, 106, 0, 0, 0, 0, 0, 0, 0, 1, 9, 116
"e:\Code\StudyManagement\routes\main-routes\gradeRouter.js", "JavaScript", 0, 19, 0, 0, 0, 0, 0, 0, 0, 2, 3, 24
"e:\Code\StudyManagement\routes\main-routes\loginRouter.js", "JavaScript", 0, 45, 0, 0, 0, 0, 0, 0, 0, 2, 3, 50
"e:\Code\StudyManagement\routes\main-routes\registerRouter.js", "JavaScript", 0, 35, 0, 0, 0, 0, 0, 0, 0, 2, 3, 40
"e:\Code\StudyManagement\routes\main-routes\subjectRouter.js", "JavaScript", 0, 177, 0, 0, 0, 0, 0, 0, 0, 1, 8, 186
"e:\Code\StudyManagement\routes\main-routes\teacherRouter.js", "JavaScript", 0, 135, 0, 0, 0, 0, 0, 0, 0, 4, 7, 146
"e:\Code\StudyManagement\routes\main-routes\timetableRouter.js", "JavaScript", 0, 98, 0, 0, 0, 0, 0, 0, 0, 7, 5, 110
"e:\Code\StudyManagement\routes\pageRouter.js", "JavaScript", 0, 33, 0, 0, 0, 0, 0, 0, 0, 7, 10, 50
"e:\Code\StudyManagement\server.js", "JavaScript", 0, 6, 0, 0, 0, 0, 0, 0, 0, 0, 1, 7
"e:\Code\StudyManagement\views\asserts\css\dashboard.css", "CSS", 0, 0, 0, 0, 0, 109, 0, 0, 0, 1, 16, 126
"e:\Code\StudyManagement\views\asserts\css\event.css", "CSS", 0, 0, 0, 0, 0, 230, 0, 0, 0, 1, 34, 265
"e:\Code\StudyManagement\views\asserts\css\forget.css", "CSS", 0, 0, 0, 0, 0, 95, 0, 0, 0, 1, 11, 107
"e:\Code\StudyManagement\views\asserts\css\grade.css", "CSS", 0, 0, 0, 0, 0, 200, 0, 0, 0, 1, 29, 230
"e:\Code\StudyManagement\views\asserts\css\home.css", "CSS", 0, 0, 0, 0, 0, 174, 0, 0, 0, 1, 26, 201
"e:\Code\StudyManagement\views\asserts\css\login-register.css", "CSS", 0, 0, 0, 0, 0, 33, 0, 0, 0, 1, 3, 37
"e:\Code\StudyManagement\views\asserts\css\login.css", "CSS", 0, 0, 0, 0, 0, 97, 0, 0, 0, 1, 12, 110
"e:\Code\StudyManagement\views\asserts\css\notfound.css", "CSS", 0, 0, 0, 0, 0, 50, 0, 0, 0, 1, 5, 56
"e:\Code\StudyManagement\views\asserts\css\register.css", "CSS", 0, 0, 0, 0, 0, 113, 0, 0, 0, 1, 14, 128
"e:\Code\StudyManagement\views\asserts\css\subject.css", "CSS", 0, 0, 0, 0, 0, 269, 0, 0, 0, 1, 41, 311
"e:\Code\StudyManagement\views\asserts\css\sweetalert2.css", "CSS", 0, 0, 0, 0, 0, 1588, 0, 0, 0, 1, 193, 1782
"e:\Code\StudyManagement\views\asserts\css\teacher.css", "CSS", 0, 0, 0, 0, 0, 273, 0, 0, 0, 1, 40, 314
"e:\Code\StudyManagement\views\asserts\css\timetable.css", "CSS", 0, 0, 0, 0, 0, 166, 0, 0, 0, 1, 27, 194
"e:\Code\StudyManagement\views\asserts\css\variables.css", "CSS", 0, 0, 0, 0, 0, 1, 0, 0, 0, 0, 0, 1
"e:\Code\StudyManagement\views\asserts\js\event.js", "JavaScript", 0, 65, 0, 0, 0, 0, 0, 0, 0, 15, 6, 86
"e:\Code\StudyManagement\views\asserts\js\interactive-timetable.js", "JavaScript", 0, 67, 0, 0, 0, 0, 0, 0, 0, 21, 10, 98
"e:\Code\StudyManagement\views\asserts\js\lib\fullcalendar-4.4.0\README.md", "Markdown", 0, 0, 9, 0, 0, 0, 0, 0, 0, 0, 5, 14
"e:\Code\StudyManagement\views\asserts\js\lib\fullcalendar-4.4.0\examples\background-events.html", "HTML", 0, 0, 0, 98, 0, 0, 0, 0, 0, 0, 12, 110
"e:\Code\StudyManagement\views\asserts\js\lib\fullcalendar-4.4.0\examples\daygrid-views.html", "HTML", 0, 0, 0, 100, 0, 0, 0, 0, 0, 0, 10, 110
"e:\Code\StudyManagement\views\asserts\js\lib\fullcalendar-4.4.0\examples\external-dragging-2cals.html", "HTML", 0, 0, 0, 65, 0, 0, 0, 0, 0, 0, 11, 76
"e:\Code\StudyManagement\views\asserts\js\lib\fullcalendar-4.4.0\examples\external-dragging-builtin.html", "HTML", 0, 0, 0, 126, 0, 0, 0, 0, 0, 0, 24, 150
"e:\Code\StudyManagement\views\asserts\js\lib\fullcalendar-4.4.0\examples\full-height.html", "HTML", 0, 0, 0, 119, 0, 0, 0, 0, 0, 0, 11, 130
"e:\Code\StudyManagement\views\asserts\js\lib\fullcalendar-4.4.0\examples\google-calendar.html", "HTML", 0, 0, 0, 66, 0, 0, 0, 0, 0, 0, 21, 87
"e:\Code\StudyManagement\views\asserts\js\lib\fullcalendar-4.4.0\examples\js\theme-chooser.js", "JavaScript", 0, 113, 0, 0, 0, 0, 0, 0, 0, 0, 29, 142
"e:\Code\StudyManagement\views\asserts\js\lib\fullcalendar-4.4.0\examples\json.html", "HTML", 0, 0, 0, 80, 0, 0, 0, 0, 0, 0, 14, 94
"e:\Code\StudyManagement\views\asserts\js\lib\fullcalendar-4.4.0\examples\json\events.json", "JSON", 56, 0, 0, 0, 0, 0, 0, 0, 0, 0, 1, 57
"e:\Code\StudyManagement\views\asserts\js\lib\fullcalendar-4.4.0\examples\list-views.html", "HTML", 0, 0, 0, 106, 0, 0, 0, 0, 0, 0, 13, 119
"e:\Code\StudyManagement\views\asserts\js\lib\fullcalendar-4.4.0\examples\locales.html", "HTML", 0, 0, 0, 136, 0, 0, 0, 0, 0, 0, 17, 153
"e:\Code\StudyManagement\views\asserts\js\lib\fullcalendar-4.4.0\examples\month-view.html", "HTML", 0, 0, 0, 94, 0, 0, 0, 0, 0, 0, 10, 104
"e:\Code\StudyManagement\views\asserts\js\lib\fullcalendar-4.4.0\examples\php\get-events.php", "PHP", 0, 0, 0, 0, 0, 0, 0, 0, 21, 19, 11, 51
"e:\Code\StudyManagement\views\asserts\js\lib\fullcalendar-4.4.0\examples\php\get-time-zones.php", "PHP", 0, 0, 0, 0, 0, 0, 0, 0, 2, 5, 2, 9
"e:\Code\StudyManagement\views\asserts\js\lib\fullcalendar-4.4.0\examples\php\utils.php", "PHP", 0, 0, 0, 0, 0, 0, 0, 0, 68, 30, 33, 131
"e:\Code\StudyManagement\views\asserts\js\lib\fullcalendar-4.4.0\examples\rrule.html", "HTML", 0, 0, 0, 64, 0, 0, 0, 0, 0, 0, 10, 74
"e:\Code\StudyManagement\views\asserts\js\lib\fullcalendar-4.4.0\examples\selectable.html", "HTML", 0, 0, 0, 116, 0, 0, 0, 0, 0, 0, 10, 126
"e:\Code\StudyManagement\views\asserts\js\lib\fullcalendar-4.4.0\examples\theming.html", "HTML", 0, 0, 0, 188, 0, 0, 0, 0, 0, 0, 28, 216
"e:\Code\StudyManagement\views\asserts\js\lib\fullcalendar-4.4.0\examples\time-zones.html", "HTML", 0, 0, 0, 122, 0, 0, 0, 0, 0, 0, 24, 146
"e:\Code\StudyManagement\views\asserts\js\lib\fullcalendar-4.4.0\examples\timegrid-views.html", "HTML", 0, 0, 0, 104, 0, 0, 0, 0, 0, 0, 10, 114
"e:\Code\StudyManagement\views\asserts\js\lib\fullcalendar-4.4.0\examples\week-numbers.html", "HTML", 0, 0, 0, 107, 0, 0, 0, 0, 0, 0, 12, 119
"e:\Code\StudyManagement\views\asserts\js\lib\fullcalendar-4.4.0\packages\bootstrap\README.md", "Markdown", 0, 0, 4, 0, 0, 0, 0, 0, 0, 0, 5, 9
"e:\Code\StudyManagement\views\asserts\js\lib\fullcalendar-4.4.0\packages\bootstrap\main.css", "CSS", 0, 0, 0, 0, 0, 24, 0, 0, 0, 5, 7, 36
"e:\Code\StudyManagement\views\asserts\js\lib\fullcalendar-4.4.0\packages\bootstrap\main.d.ts", "TypeScript", 0, 0, 0, 0, 0, 0, 0, 7, 0, 3, 3, 13
"e:\Code\StudyManagement\views\asserts\js\lib\fullcalendar-4.4.0\packages\bootstrap\main.esm.js", "JavaScript", 0, 53, 0, 0, 0, 0, 0, 0, 0, 24, 7, 84
"e:\Code\StudyManagement\views\asserts\js\lib\fullcalendar-4.4.0\packages\bootstrap\main.js", "JavaScript", 0, 59, 0, 0, 0, 0, 0, 0, 0, 24, 9, 92
"e:\Code\StudyManagement\views\asserts\js\lib\fullcalendar-4.4.0\packages\bootstrap\main.min.css", "CSS", 0, 0, 0, 0, 0, 1, 0, 0, 0, 0, 0, 1
"e:\Code\StudyManagement\views\asserts\js\lib\fullcalendar-4.4.0\packages\bootstrap\main.min.js", "JavaScript", 0, 1, 0, 0, 0, 0, 0, 0, 0, 5, 0, 6
"e:\Code\StudyManagement\views\asserts\js\lib\fullcalendar-4.4.0\packages\bootstrap\package.json", "JSON", 33, 0, 0, 0, 0, 0, 0, 0, 0, 0, 1, 34
"e:\Code\StudyManagement\views\asserts\js\lib\fullcalendar-4.4.0\packages\bundle\google-calendar.js", "JavaScript", 0, 142, 0, 0, 0, 0, 0, 0, 0, 6, 9, 157
"e:\Code\StudyManagement\views\asserts\js\lib\fullcalendar-4.4.0\packages\bundle\google-calendar.min.js", "JavaScript", 0, 1, 0, 0, 0, 0, 0, 0, 0, 5, 0, 6
"e:\Code\StudyManagement\views\asserts\js\lib\fullcalendar-4.4.0\packages\bundle\locales-all.js", "JavaScript", 0, 1339, 0, 0, 0, 0, 0, 0, 0, 1, 72, 1412
"e:\Code\StudyManagement\views\asserts\js\lib\fullcalendar-4.4.0\packages\bundle\locales-all.min.js", "JavaScript", 0, 1, 0, 0, 0, 0, 0, 0, 0, 0, 0, 1
"e:\Code\StudyManagement\views\asserts\js\lib\fullcalendar-4.4.0\packages\bundle\locales\af.js", "JavaScript", 0, 27, 0, 0, 0, 0, 0, 0, 0, 0, 4, 31
"e:\Code\StudyManagement\views\asserts\js\lib\fullcalendar-4.4.0\packages\bundle\locales\ar-dz.js", "JavaScript", 0, 28, 0, 0, 0, 0, 0, 0, 0, 0, 4, 32
"e:\Code\StudyManagement\views\asserts\js\lib\fullcalendar-4.4.0\packages\bundle\locales\ar-kw.js", "JavaScript", 0, 28, 0, 0, 0, 0, 0, 0, 0, 0, 4, 32
"e:\Code\StudyManagement\views\asserts\js\lib\fullcalendar-4.4.0\packages\bundle\locales\ar-ly.js", "JavaScript", 0, 28, 0, 0, 0, 0, 0, 0, 0, 0, 4, 32
"e:\Code\StudyManagement\views\asserts\js\lib\fullcalendar-4.4.0\packages\bundle\locales\ar-ma.js", "JavaScript", 0, 28, 0, 0, 0, 0, 0, 0, 0, 0, 4, 32
"e:\Code\StudyManagement\views\asserts\js\lib\fullcalendar-4.4.0\packages\bundle\locales\ar-sa.js", "JavaScript", 0, 28, 0, 0, 0, 0, 0, 0, 0, 0, 4, 32
"e:\Code\StudyManagement\views\asserts\js\lib\fullcalendar-4.4.0\packages\bundle\locales\ar-tn.js", "JavaScript", 0, 28, 0, 0, 0, 0, 0, 0, 0, 0, 4, 32
"e:\Code\StudyManagement\views\asserts\js\lib\fullcalendar-4.4.0\packages\bundle\locales\ar.js", "JavaScript", 0, 28, 0, 0, 0, 0, 0, 0, 0, 0, 4, 32
"e:\Code\StudyManagement\views\asserts\js\lib\fullcalendar-4.4.0\packages\bundle\locales\bg.js", "JavaScript", 0, 28, 0, 0, 0, 0, 0, 0, 0, 0, 4, 32
"e:\Code\StudyManagement\views\asserts\js\lib\fullcalendar-4.4.0\packages\bundle\locales\bs.js", "JavaScript", 0, 29, 0, 0, 0, 0, 0, 0, 0, 0, 4, 33
"e:\Code\StudyManagement\views\asserts\js\lib\fullcalendar-4.4.0\packages\bundle\locales\ca.js", "JavaScript", 0, 27, 0, 0, 0, 0, 0, 0, 0, 0, 4, 31
"e:\Code\StudyManagement\views\asserts\js\lib\fullcalendar-4.4.0\packages\bundle\locales\cs.js", "JavaScript", 0, 29, 0, 0, 0, 0, 0, 0, 0, 0, 4, 33
"e:\Code\StudyManagement\views\asserts\js\lib\fullcalendar-4.4.0\packages\bundle\locales\da.js", "JavaScript", 0, 27, 0, 0, 0, 0, 0, 0, 0, 0, 4, 31
"e:\Code\StudyManagement\views\asserts\js\lib\fullcalendar-4.4.0\packages\bundle\locales\de.js", "JavaScript", 0, 30, 0, 0, 0, 0, 0, 0, 0, 0, 4, 34
"e:\Code\StudyManagement\views\asserts\js\lib\fullcalendar-4.4.0\packages\bundle\locales\el.js", "JavaScript", 0, 27, 0, 0, 0, 0, 0, 0, 0, 0, 4, 31
"e:\Code\StudyManagement\views\asserts\js\lib\fullcalendar-4.4.0\packages\bundle\locales\en-au.js", "JavaScript", 0, 14, 0, 0, 0, 0, 0, 0, 0, 0, 4, 18
"e:\Code\StudyManagement\views\asserts\js\lib\fullcalendar-4.4.0\packages\bundle\locales\en-gb.js", "JavaScript", 0, 14, 0, 0, 0, 0, 0, 0, 0, 0, 4, 18
"e:\Code\StudyManagement\views\asserts\js\lib\fullcalendar-4.4.0\packages\bundle\locales\en-nz.js", "JavaScript", 0, 14, 0, 0, 0, 0, 0, 0, 0, 0, 4, 18
"e:\Code\StudyManagement\views\asserts\js\lib\fullcalendar-4.4.0\packages\bundle\locales\es-us.js", "JavaScript", 0, 27, 0, 0, 0, 0, 0, 0, 0, 0, 4, 31
"e:\Code\StudyManagement\views\asserts\js\lib\fullcalendar-4.4.0\packages\bundle\locales\es.js", "JavaScript", 0, 27, 0, 0, 0, 0, 0, 0, 0, 0, 4, 31
"e:\Code\StudyManagement\views\asserts\js\lib\fullcalendar-4.4.0\packages\bundle\locales\et.js", "JavaScript", 0, 29, 0, 0, 0, 0, 0, 0, 0, 0, 4, 33
"e:\Code\StudyManagement\views\asserts\js\lib\fullcalendar-4.4.0\packages\bundle\locales\eu.js", "JavaScript", 0, 27, 0, 0, 0, 0, 0, 0, 0, 0, 4, 31
"e:\Code\StudyManagement\views\asserts\js\lib\fullcalendar-4.4.0\packages\bundle\locales\fa.js", "JavaScript", 0, 30, 0, 0, 0, 0, 0, 0, 0, 0, 4, 34
"e:\Code\StudyManagement\views\asserts\js\lib\fullcalendar-4.4.0\packages\bundle\locales\fi.js", "JavaScript", 0, 27, 0, 0, 0, 0, 0, 0, 0, 0, 4, 31
"e:\Code\StudyManagement\views\asserts\js\lib\fullcalendar-4.4.0\packages\bundle\locales\fr-ca.js", "JavaScript", 0, 24, 0, 0, 0, 0, 0, 0, 0, 0, 4, 28
"e:\Code\StudyManagement\views\asserts\js\lib\fullcalendar-4.4.0\packages\bundle\locales\fr-ch.js", "JavaScript", 0, 28, 0, 0, 0, 0, 0, 0, 0, 0, 4, 32
"e:\Code\StudyManagement\views\asserts\js\lib\fullcalendar-4.4.0\packages\bundle\locales\fr.js", "JavaScript", 0, 28, 0, 0, 0, 0, 0, 0, 0, 0, 4, 32
"e:\Code\StudyManagement\views\asserts\js\lib\fullcalendar-4.4.0\packages\bundle\locales\gl.js", "JavaScript", 0, 27, 0, 0, 0, 0, 0, 0, 0, 0, 4, 31
"e:\Code\StudyManagement\views\asserts\js\lib\fullcalendar-4.4.0\packages\bundle\locales\he.js", "JavaScript", 0, 24, 0, 0, 0, 0, 0, 0, 0, 0, 4, 28
"e:\Code\StudyManagement\views\asserts\js\lib\fullcalendar-4.4.0\packages\bundle\locales\hi.js", "JavaScript", 0, 29, 0, 0, 0, 0, 0, 0, 0, 0, 4, 33
"e:\Code\StudyManagement\views\asserts\js\lib\fullcalendar-4.4.0\packages\bundle\locales\hr.js", "JavaScript", 0, 29, 0, 0, 0, 0, 0, 0, 0, 0, 4, 33
"e:\Code\StudyManagement\views\asserts\js\lib\fullcalendar-4.4.0\packages\bundle\locales\hu.js", "JavaScript", 0, 27, 0, 0, 0, 0, 0, 0, 0, 0, 4, 31
"e:\Code\StudyManagement\views\asserts\js\lib\fullcalendar-4.4.0\packages\bundle\locales\id.js", "JavaScript", 0, 27, 0, 0, 0, 0, 0, 0, 0, 0, 4, 31
"e:\Code\StudyManagement\views\asserts\js\lib\fullcalendar-4.4.0\packages\bundle\locales\is.js", "JavaScript", 0, 27, 0, 0, 0, 0, 0, 0, 0, 0, 4, 31
"e:\Code\StudyManagement\views\asserts\js\lib\fullcalendar-4.4.0\packages\bundle\locales\it.js", "JavaScript", 0, 29, 0, 0, 0, 0, 0, 0, 0, 0, 4, 33
"e:\Code\StudyManagement\views\asserts\js\lib\fullcalendar-4.4.0\packages\bundle\locales\ja.js", "JavaScript", 0, 25, 0, 0, 0, 0, 0, 0, 0, 0, 4, 29
"e:\Code\StudyManagement\views\asserts\js\lib\fullcalendar-4.4.0\packages\bundle\locales\ka.js", "JavaScript", 0, 29, 0, 0, 0, 0, 0, 0, 0, 0, 4, 33
"e:\Code\StudyManagement\views\asserts\js\lib\fullcalendar-4.4.0\packages\bundle\locales\kk.js", "JavaScript", 0, 29, 0, 0, 0, 0, 0, 0, 0, 0, 4, 33
"e:\Code\StudyManagement\views\asserts\js\lib\fullcalendar-4.4.0\packages\bundle\locales\ko.js", "JavaScript", 0, 23, 0, 0, 0, 0, 0, 0, 0, 0, 4, 27
"e:\Code\StudyManagement\views\asserts\js\lib\fullcalendar-4.4.0\packages\bundle\locales\lb.js", "JavaScript", 0, 27, 0, 0, 0, 0, 0, 0, 0, 0, 4, 31
"e:\Code\StudyManagement\views\asserts\js\lib\fullcalendar-4.4.0\packages\bundle\locales\lt.js", "JavaScript", 0, 27, 0, 0, 0, 0, 0, 0, 0, 0, 4, 31
"e:\Code\StudyManagement\views\asserts\js\lib\fullcalendar-4.4.0\packages\bundle\locales\lv.js", "JavaScript", 0, 29, 0, 0, 0, 0, 0, 0, 0, 0, 4, 33
"e:\Code\StudyManagement\views\asserts\js\lib\fullcalendar-4.4.0\packages\bundle\locales\mk.js", "JavaScript", 0, 25, 0, 0, 0, 0, 0, 0, 0, 0, 4, 29
"e:\Code\StudyManagement\views\asserts\js\lib\fullcalendar-4.4.0\packages\bundle\locales\ms.js", "JavaScript", 0, 29, 0, 0, 0, 0, 0, 0, 0, 0, 4, 33
"e:\Code\StudyManagement\views\asserts\js\lib\fullcalendar-4.4.0\packages\bundle\locales\nb.js", "JavaScript", 0, 27, 0, 0, 0, 0, 0, 0, 0, 0, 4, 31
"e:\Code\StudyManagement\views\asserts\js\lib\fullcalendar-4.4.0\packages\bundle\locales\nl.js", "JavaScript", 0, 27, 0, 0, 0, 0, 0, 0, 0, 0, 4, 31
"e:\Code\StudyManagement\views\asserts\js\lib\fullcalendar-4.4.0\packages\bundle\locales\nn.js", "JavaScript", 0, 27, 0, 0, 0, 0, 0, 0, 0, 0, 4, 31
"e:\Code\StudyManagement\views\asserts\js\lib\fullcalendar-4.4.0\packages\bundle\locales\pl.js", "JavaScript", 0, 27, 0, 0, 0, 0, 0, 0, 0, 0, 4, 31
"e:\Code\StudyManagement\views\asserts\js\lib\fullcalendar-4.4.0\packages\bundle\locales\pt-br.js", "JavaScript", 0, 25, 0, 0, 0, 0, 0, 0, 0, 0, 4, 29
"e:\Code\StudyManagement\views\asserts\js\lib\fullcalendar-4.4.0\packages\bundle\locales\pt.js", "JavaScript", 0, 27, 0, 0, 0, 0, 0, 0, 0, 0, 4, 31
"e:\Code\StudyManagement\views\asserts\js\lib\fullcalendar-4.4.0\packages\bundle\locales\ro.js", "JavaScript", 0, 29, 0, 0, 0, 0, 0, 0, 0, 0, 4, 33
"e:\Code\StudyManagement\views\asserts\js\lib\fullcalendar-4.4.0\packages\bundle\locales\ru.js", "JavaScript", 0, 29, 0, 0, 0, 0, 0, 0, 0, 0, 4, 33
"e:\Code\StudyManagement\views\asserts\js\lib\fullcalendar-4.4.0\packages\bundle\locales\sk.js", "JavaScript", 0, 29, 0, 0, 0, 0, 0, 0, 0, 0, 4, 33
"e:\Code\StudyManagement\views\asserts\js\lib\fullcalendar-4.4.0\packages\bundle\locales\sl.js", "JavaScript", 0, 27, 0, 0, 0, 0, 0, 0, 0, 0, 4, 31
"e:\Code\StudyManagement\views\asserts\js\lib\fullcalendar-4.4.0\packages\bundle\locales\sq.js", "JavaScript", 0, 29, 0, 0, 0, 0, 0, 0, 0, 0, 4, 33
"e:\Code\StudyManagement\views\asserts\js\lib\fullcalendar-4.4.0\packages\bundle\locales\sr-cyrl.js", "JavaScript", 0, 29, 0, 0, 0, 0, 0, 0, 0, 0, 4, 33
"e:\Code\StudyManagement\views\asserts\js\lib\fullcalendar-4.4.0\packages\bundle\locales\sr.js", "JavaScript", 0, 29, 0, 0, 0, 0, 0, 0, 0, 0, 4, 33
"e:\Code\StudyManagement\views\asserts\js\lib\fullcalendar-4.4.0\packages\bundle\locales\sv.js", "JavaScript", 0, 27, 0, 0, 0, 0, 0, 0, 0, 0, 4, 31
"e:\Code\StudyManagement\views\asserts\js\lib\fullcalendar-4.4.0\packages\bundle\locales\th.js", "JavaScript", 0, 30, 0, 0, 0, 0, 0, 0, 0, 0, 4, 34
"e:\Code\StudyManagement\views\asserts\js\lib\fullcalendar-4.4.0\packages\bundle\locales\tr.js", "JavaScript", 0, 27, 0, 0, 0, 0, 0, 0, 0, 0, 4, 31
"e:\Code\StudyManagement\views\asserts\js\lib\fullcalendar-4.4.0\packages\bundle\locales\uk.js", "JavaScript", 0, 29, 0, 0, 0, 0, 0, 0, 0, 0, 4, 33
"e:\Code\StudyManagement\views\asserts\js\lib\fullcalendar-4.4.0\packages\bundle\locales\vi.js", "JavaScript", 0, 29, 0, 0, 0, 0, 0, 0, 0, 0, 4, 33
"e:\Code\StudyManagement\views\asserts\js\lib\fullcalendar-4.4.0\packages\bundle\locales\zh-cn.js", "JavaScript", 0, 29, 0, 0, 0, 0, 0, 0, 0, 1, 4, 34
"e:\Code\StudyManagement\views\asserts\js\lib\fullcalendar-4.4.0\packages\bundle\locales\zh-tw.js", "JavaScript", 0, 23, 0, 0, 0, 0, 0, 0, 0, 0, 4, 27
"e:\Code\StudyManagement\views\asserts\js\lib\fullcalendar-4.4.0\packages\bundle\luxon.js", "JavaScript", 0, 145, 0, 0, 0, 0, 0, 0, 0, 6, 9, 160
"e:\Code\StudyManagement\views\asserts\js\lib\fullcalendar-4.4.0\packages\bundle\luxon.min.js", "JavaScript", 0, 1, 0, 0, 0, 0, 0, 0, 0, 5, 0, 6
"e:\Code\StudyManagement\views\asserts\js\lib\fullcalendar-4.4.0\packages\bundle\moment-timezone.js", "JavaScript", 0, 40, 0, 0, 0, 0, 0, 0, 0, 6, 9, 55
"e:\Code\StudyManagement\views\asserts\js\lib\fullcalendar-4.4.0\packages\bundle\moment-timezone.min.js", "JavaScript", 0, 1, 0, 0, 0, 0, 0, 0, 0, 5, 0, 6
"e:\Code\StudyManagement\views\asserts\js\lib\fullcalendar-4.4.0\packages\bundle\moment.js", "JavaScript", 0, 104, 0, 0, 0, 0, 0, 0, 0, 6, 8, 118
"e:\Code\StudyManagement\views\asserts\js\lib\fullcalendar-4.4.0\packages\bundle\moment.min.js", "JavaScript", 0, 1, 0, 0, 0, 0, 0, 0, 0, 5, 0, 6
"e:\Code\StudyManagement\views\asserts\js\lib\fullcalendar-4.4.0\packages\bundle\rrule.js", "JavaScript", 0, 103, 0, 0, 0, 0, 0, 0, 0, 6, 9, 118
"e:\Code\StudyManagement\views\asserts\js\lib\fullcalendar-4.4.0\packages\bundle\rrule.min.js", "JavaScript", 0, 1, 0, 0, 0, 0, 0, 0, 0, 5, 0, 6
"e:\Code\StudyManagement\views\asserts\js\lib\fullcalendar-4.4.0\packages\core\README.md", "Markdown", 0, 0, 4, 0, 0, 0, 0, 0, 0, 0, 5, 9
"e:\Code\StudyManagement\views\asserts\js\lib\fullcalendar-4.4.0\packages\core\locales-all.js", "JavaScript", 0, 1334, 0, 0, 0, 0, 0, 0, 0, 1, 71, 1406
"e:\Code\StudyManagement\views\asserts\js\lib\fullcalendar-4.4.0\packages\core\locales-all.min.js", "JavaScript", 0, 1, 0, 0, 0, 0, 0, 0, 0, 0, 0, 1
"e:\Code\StudyManagement\views\asserts\js\lib\fullcalendar-4.4.0\packages\core\locales\af.js", "JavaScript", 0, 27, 0, 0, 0, 0, 0, 0, 0, 0, 4, 31
"e:\Code\StudyManagement\views\asserts\js\lib\fullcalendar-4.4.0\packages\core\locales\ar-dz.js", "JavaScript", 0, 28, 0, 0, 0, 0, 0, 0, 0, 0, 4, 32
"e:\Code\StudyManagement\views\asserts\js\lib\fullcalendar-4.4.0\packages\core\locales\ar-kw.js", "JavaScript", 0, 28, 0, 0, 0, 0, 0, 0, 0, 0, 4, 32
"e:\Code\StudyManagement\views\asserts\js\lib\fullcalendar-4.4.0\packages\core\locales\ar-ly.js", "JavaScript", 0, 28, 0, 0, 0, 0, 0, 0, 0, 0, 4, 32
"e:\Code\StudyManagement\views\asserts\js\lib\fullcalendar-4.4.0\packages\core\locales\ar-ma.js", "JavaScript", 0, 28, 0, 0, 0, 0, 0, 0, 0, 0, 4, 32
"e:\Code\StudyManagement\views\asserts\js\lib\fullcalendar-4.4.0\packages\core\locales\ar-sa.js", "JavaScript", 0, 28, 0, 0, 0, 0, 0, 0, 0, 0, 4, 32
"e:\Code\StudyManagement\views\asserts\js\lib\fullcalendar-4.4.0\packages\core\locales\ar-tn.js", "JavaScript", 0, 28, 0, 0, 0, 0, 0, 0, 0, 0, 4, 32
"e:\Code\StudyManagement\views\asserts\js\lib\fullcalendar-4.4.0\packages\core\locales\ar.js", "JavaScript", 0, 28, 0, 0, 0, 0, 0, 0, 0, 0, 4, 32
"e:\Code\StudyManagement\views\asserts\js\lib\fullcalendar-4.4.0\packages\core\locales\az.js", "JavaScript", 0, 29, 0, 0, 0, 0, 0, 0, 0, 0, 4, 33
"e:\Code\StudyManagement\views\asserts\js\lib\fullcalendar-4.4.0\packages\core\locales\bg.js", "JavaScript", 0, 28, 0, 0, 0, 0, 0, 0, 0, 0, 4, 32
"e:\Code\StudyManagement\views\asserts\js\lib\fullcalendar-4.4.0\packages\core\locales\bs.js", "JavaScript", 0, 29, 0, 0, 0, 0, 0, 0, 0, 0, 4, 33
"e:\Code\StudyManagement\views\asserts\js\lib\fullcalendar-4.4.0\packages\core\locales\ca.js", "JavaScript", 0, 27, 0, 0, 0, 0, 0, 0, 0, 0, 4, 31
"e:\Code\StudyManagement\views\asserts\js\lib\fullcalendar-4.4.0\packages\core\locales\cs.js", "JavaScript", 0, 29, 0, 0, 0, 0, 0, 0, 0, 0, 4, 33
"e:\Code\StudyManagement\views\asserts\js\lib\fullcalendar-4.4.0\packages\core\locales\da.js", "JavaScript", 0, 27, 0, 0, 0, 0, 0, 0, 0, 0, 4, 31
"e:\Code\StudyManagement\views\asserts\js\lib\fullcalendar-4.4.0\packages\core\locales\de.js", "JavaScript", 0, 30, 0, 0, 0, 0, 0, 0, 0, 0, 4, 34
"e:\Code\StudyManagement\views\asserts\js\lib\fullcalendar-4.4.0\packages\core\locales\el.js", "JavaScript", 0, 27, 0, 0, 0, 0, 0, 0, 0, 0, 4, 31
"e:\Code\StudyManagement\views\asserts\js\lib\fullcalendar-4.4.0\packages\core\locales\en-au.js", "JavaScript", 0, 14, 0, 0, 0, 0, 0, 0, 0, 0, 4, 18
"e:\Code\StudyManagement\views\asserts\js\lib\fullcalendar-4.4.0\packages\core\locales\en-gb.js", "JavaScript", 0, 14, 0, 0, 0, 0, 0, 0, 0, 0, 4, 18
"e:\Code\StudyManagement\views\asserts\js\lib\fullcalendar-4.4.0\packages\core\locales\en-nz.js", "JavaScript", 0, 14, 0, 0, 0, 0, 0, 0, 0, 0, 4, 18
"e:\Code\StudyManagement\views\asserts\js\lib\fullcalendar-4.4.0\packages\core\locales\es-us.js", "JavaScript", 0, 27, 0, 0, 0, 0, 0, 0, 0, 0, 4, 31
"e:\Code\StudyManagement\views\asserts\js\lib\fullcalendar-4.4.0\packages\core\locales\es.js", "JavaScript", 0, 27, 0, 0, 0, 0, 0, 0, 0, 0, 4, 31
"e:\Code\StudyManagement\views\asserts\js\lib\fullcalendar-4.4.0\packages\core\locales\et.js", "JavaScript", 0, 29, 0, 0, 0, 0, 0, 0, 0, 0, 4, 33
"e:\Code\StudyManagement\views\asserts\js\lib\fullcalendar-4.4.0\packages\core\locales\eu.js", "JavaScript", 0, 27, 0, 0, 0, 0, 0, 0, 0, 0, 4, 31
"e:\Code\StudyManagement\views\asserts\js\lib\fullcalendar-4.4.0\packages\core\locales\fa.js", "JavaScript", 0, 30, 0, 0, 0, 0, 0, 0, 0, 0, 4, 34
"e:\Code\StudyManagement\views\asserts\js\lib\fullcalendar-4.4.0\packages\core\locales\fi.js", "JavaScript", 0, 27, 0, 0, 0, 0, 0, 0, 0, 0, 4, 31
"e:\Code\StudyManagement\views\asserts\js\lib\fullcalendar-4.4.0\packages\core\locales\fr-ca.js", "JavaScript", 0, 24, 0, 0, 0, 0, 0, 0, 0, 0, 4, 28
"e:\Code\StudyManagement\views\asserts\js\lib\fullcalendar-4.4.0\packages\core\locales\fr-ch.js", "JavaScript", 0, 28, 0, 0, 0, 0, 0, 0, 0, 0, 4, 32
"e:\Code\StudyManagement\views\asserts\js\lib\fullcalendar-4.4.0\packages\core\locales\fr.js", "JavaScript", 0, 28, 0, 0, 0, 0, 0, 0, 0, 0, 4, 32
"e:\Code\StudyManagement\views\asserts\js\lib\fullcalendar-4.4.0\packages\core\locales\gl.js", "JavaScript", 0, 27, 0, 0, 0, 0, 0, 0, 0, 0, 4, 31
"e:\Code\StudyManagement\views\asserts\js\lib\fullcalendar-4.4.0\packages\core\locales\he.js", "JavaScript", 0, 24, 0, 0, 0, 0, 0, 0, 0, 0, 4, 28
"e:\Code\StudyManagement\views\asserts\js\lib\fullcalendar-4.4.0\packages\core\locales\hi.js", "JavaScript", 0, 29, 0, 0, 0, 0, 0, 0, 0, 0, 4, 33
"e:\Code\StudyManagement\views\asserts\js\lib\fullcalendar-4.4.0\packages\core\locales\hr.js", "JavaScript", 0, 29, 0, 0, 0, 0, 0, 0, 0, 0, 4, 33
"e:\Code\StudyManagement\views\asserts\js\lib\fullcalendar-4.4.0\packages\core\locales\hu.js", "JavaScript", 0, 27, 0, 0, 0, 0, 0, 0, 0, 0, 4, 31
"e:\Code\StudyManagement\views\asserts\js\lib\fullcalendar-4.4.0\packages\core\locales\id.js", "JavaScript", 0, 27, 0, 0, 0, 0, 0, 0, 0, 0, 4, 31
"e:\Code\StudyManagement\views\asserts\js\lib\fullcalendar-4.4.0\packages\core\locales\is.js", "JavaScript", 0, 27, 0, 0, 0, 0, 0, 0, 0, 0, 4, 31
"e:\Code\StudyManagement\views\asserts\js\lib\fullcalendar-4.4.0\packages\core\locales\it.js", "JavaScript", 0, 29, 0, 0, 0, 0, 0, 0, 0, 0, 4, 33
"e:\Code\StudyManagement\views\asserts\js\lib\fullcalendar-4.4.0\packages\core\locales\ja.js", "JavaScript", 0, 25, 0, 0, 0, 0, 0, 0, 0, 0, 4, 29
"e:\Code\StudyManagement\views\asserts\js\lib\fullcalendar-4.4.0\packages\core\locales\ka.js", "JavaScript", 0, 29, 0, 0, 0, 0, 0, 0, 0, 0, 4, 33
"e:\Code\StudyManagement\views\asserts\js\lib\fullcalendar-4.4.0\packages\core\locales\kk.js", "JavaScript", 0, 29, 0, 0, 0, 0, 0, 0, 0, 0, 4, 33
"e:\Code\StudyManagement\views\asserts\js\lib\fullcalendar-4.4.0\packages\core\locales\ko.js", "JavaScript", 0, 23, 0, 0, 0, 0, 0, 0, 0, 0, 4, 27
"e:\Code\StudyManagement\views\asserts\js\lib\fullcalendar-4.4.0\packages\core\locales\lb.js", "JavaScript", 0, 27, 0, 0, 0, 0, 0, 0, 0, 0, 4, 31
"e:\Code\StudyManagement\views\asserts\js\lib\fullcalendar-4.4.0\packages\core\locales\lt.js", "JavaScript", 0, 27, 0, 0, 0, 0, 0, 0, 0, 0, 4, 31
"e:\Code\StudyManagement\views\asserts\js\lib\fullcalendar-4.4.0\packages\core\locales\lv.js", "JavaScript", 0, 29, 0, 0, 0, 0, 0, 0, 0, 0, 4, 33
"e:\Code\StudyManagement\views\asserts\js\lib\fullcalendar-4.4.0\packages\core\locales\mk.js", "JavaScript", 0, 25, 0, 0, 0, 0, 0, 0, 0, 0, 4, 29
"e:\Code\StudyManagement\views\asserts\js\lib\fullcalendar-4.4.0\packages\core\locales\ms.js", "JavaScript", 0, 29, 0, 0, 0, 0, 0, 0, 0, 0, 4, 33
"e:\Code\StudyManagement\views\asserts\js\lib\fullcalendar-4.4.0\packages\core\locales\nb.js", "JavaScript", 0, 27, 0, 0, 0, 0, 0, 0, 0, 0, 4, 31
"e:\Code\StudyManagement\views\asserts\js\lib\fullcalendar-4.4.0\packages\core\locales\nl.js", "JavaScript", 0, 27, 0, 0, 0, 0, 0, 0, 0, 0, 4, 31
"e:\Code\StudyManagement\views\asserts\js\lib\fullcalendar-4.4.0\packages\core\locales\nn.js", "JavaScript", 0, 27, 0, 0, 0, 0, 0, 0, 0, 0, 4, 31
"e:\Code\StudyManagement\views\asserts\js\lib\fullcalendar-4.4.0\packages\core\locales\pl.js", "JavaScript", 0, 27, 0, 0, 0, 0, 0, 0, 0, 0, 4, 31
"e:\Code\StudyManagement\views\asserts\js\lib\fullcalendar-4.4.0\packages\core\locales\pt-br.js", "JavaScript", 0, 25, 0, 0, 0, 0, 0, 0, 0, 0, 4, 29
"e:\Code\StudyManagement\views\asserts\js\lib\fullcalendar-4.4.0\packages\core\locales\pt.js", "JavaScript", 0, 27, 0, 0, 0, 0, 0, 0, 0, 0, 4, 31
"e:\Code\StudyManagement\views\asserts\js\lib\fullcalendar-4.4.0\packages\core\locales\ro.js", "JavaScript", 0, 29, 0, 0, 0, 0, 0, 0, 0, 0, 4, 33
"e:\Code\StudyManagement\views\asserts\js\lib\fullcalendar-4.4.0\packages\core\locales\ru.js", "JavaScript", 0, 29, 0, 0, 0, 0, 0, 0, 0, 0, 4, 33
"e:\Code\StudyManagement\views\asserts\js\lib\fullcalendar-4.4.0\packages\core\locales\sk.js", "JavaScript", 0, 29, 0, 0, 0, 0, 0, 0, 0, 0, 4, 33
"e:\Code\StudyManagement\views\asserts\js\lib\fullcalendar-4.4.0\packages\core\locales\sl.js", "JavaScript", 0, 27, 0, 0, 0, 0, 0, 0, 0, 0, 4, 31
"e:\Code\StudyManagement\views\asserts\js\lib\fullcalendar-4.4.0\packages\core\locales\sq.js", "JavaScript", 0, 29, 0, 0, 0, 0, 0, 0, 0, 0, 4, 33
"e:\Code\StudyManagement\views\asserts\js\lib\fullcalendar-4.4.0\packages\core\locales\sr-cyrl.js", "JavaScript", 0, 29, 0, 0, 0, 0, 0, 0, 0, 0, 4, 33
"e:\Code\StudyManagement\views\asserts\js\lib\fullcalendar-4.4.0\packages\core\locales\sr.js", "JavaScript", 0, 29, 0, 0, 0, 0, 0, 0, 0, 0, 4, 33
"e:\Code\StudyManagement\views\asserts\js\lib\fullcalendar-4.4.0\packages\core\locales\sv.js", "JavaScript", 0, 27, 0, 0, 0, 0, 0, 0, 0, 0, 4, 31
"e:\Code\StudyManagement\views\asserts\js\lib\fullcalendar-4.4.0\packages\core\locales\th.js", "JavaScript", 0, 30, 0, 0, 0, 0, 0, 0, 0, 0, 4, 34
"e:\Code\StudyManagement\views\asserts\js\lib\fullcalendar-4.4.0\packages\core\locales\tr.js", "JavaScript", 0, 27, 0, 0, 0, 0, 0, 0, 0, 0, 4, 31
"e:\Code\StudyManagement\views\asserts\js\lib\fullcalendar-4.4.0\packages\core\locales\ug.js", "JavaScript", 0, 17, 0, 0, 0, 0, 0, 0, 0, 0, 4, 21
"e:\Code\StudyManagement\views\asserts\js\lib\fullcalendar-4.4.0\packages\core\locales\uk.js", "JavaScript", 0, 29, 0, 0, 0, 0, 0, 0, 0, 0, 4, 33
"e:\Code\StudyManagement\views\asserts\js\lib\fullcalendar-4.4.0\packages\core\locales\uz.js", "JavaScript", 0, 21, 0, 0, 0, 0, 0, 0, 0, 0, 4, 25
"e:\Code\StudyManagement\views\asserts\js\lib\fullcalendar-4.4.0\packages\core\locales\vi.js", "JavaScript", 0, 29, 0, 0, 0, 0, 0, 0, 0, 0, 4, 33
"e:\Code\StudyManagement\views\asserts\js\lib\fullcalendar-4.4.0\packages\core\locales\zh-cn.js", "JavaScript", 0, 29, 0, 0, 0, 0, 0, 0, 0, 1, 4, 34
"e:\Code\StudyManagement\views\asserts\js\lib\fullcalendar-4.4.0\packages\core\locales\zh-tw.js", "JavaScript", 0, 23, 0, 0, 0, 0, 0, 0, 0, 0, 4, 27
"e:\Code\StudyManagement\views\asserts\js\lib\fullcalendar-4.4.0\packages\core\main.css", "CSS", 0, 0, 0, 0, 0, 699, 0, 0, 0, 200, 153, 1052
"e:\Code\StudyManagement\views\asserts\js\lib\fullcalendar-4.4.0\packages\core\main.d.ts", "TypeScript", 0, 0, 0, 0, 0, 0, 0, 2652, 0, 3, 80, 2735
"e:\Code\StudyManagement\views\asserts\js\lib\fullcalendar-4.4.0\packages\core\main.esm.js", "JavaScript", 0, 7761, 0, 0, 0, 0, 0, 0, 0, 731, 86, 8578
"e:\Code\StudyManagement\views\asserts\js\lib\fullcalendar-4.4.0\packages\core\main.js", "JavaScript", 0, 7921, 0, 0, 0, 0, 0, 0, 0, 731, 89, 8741
"e:\Code\StudyManagement\views\asserts\js\lib\fullcalendar-4.4.0\packages\core\main.min.css", "CSS", 0, 0, 0, 0, 0, 1, 0, 0, 0, 0, 0, 1
"e:\Code\StudyManagement\views\asserts\js\lib\fullcalendar-4.4.0\packages\core\main.min.js", "JavaScript", 0, 1, 0, 0, 0, 0, 0, 0, 0, 5, 0, 6
"e:\Code\StudyManagement\views\asserts\js\lib\fullcalendar-4.4.0\packages\core\package.json", "JSON", 30, 0, 0, 0, 0, 0, 0, 0, 0, 0, 1, 31
"e:\Code\StudyManagement\views\asserts\js\lib\fullcalendar-4.4.0\packages\daygrid\README.md", "Markdown", 0, 0, 4, 0, 0, 0, 0, 0, 0, 0, 5, 9
"e:\Code\StudyManagement\views\asserts\js\lib\fullcalendar-4.4.0\packages\daygrid\main.css", "CSS", 0, 0, 0, 0, 0, 54, 0, 0, 0, 11, 13, 78
"e:\Code\StudyManagement\views\asserts\js\lib\fullcalendar-4.4.0\packages\daygrid\main.d.ts", "TypeScript", 0, 0, 0, 0, 0, 0, 0, 302, 0, 3, 12, 317
"e:\Code\StudyManagement\views\asserts\js\lib\fullcalendar-4.4.0\packages\daygrid\main.esm.js", "JavaScript", 0, 1459, 0, 0, 0, 0, 0, 0, 0, 176, 20, 1655
"e:\Code\StudyManagement\views\asserts\js\lib\fullcalendar-4.4.0\packages\daygrid\main.js", "JavaScript", 0, 1471, 0, 0, 0, 0, 0, 0, 0, 176, 22, 1669
"e:\Code\StudyManagement\views\asserts\js\lib\fullcalendar-4.4.0\packages\daygrid\main.min.css", "CSS", 0, 0, 0, 0, 0, 1, 0, 0, 0, 0, 0, 1
"e:\Code\StudyManagement\views\asserts\js\lib\fullcalendar-4.4.0\packages\daygrid\main.min.js", "JavaScript", 0, 1, 0, 0, 0, 0, 0, 0, 0, 5, 0, 6
"e:\Code\StudyManagement\views\asserts\js\lib\fullcalendar-4.4.0\packages\daygrid\package.json", "JSON", 33, 0, 0, 0, 0, 0, 0, 0, 0, 0, 1, 34
"e:\Code\StudyManagement\views\asserts\js\lib\fullcalendar-4.4.0\packages\google-calendar\README.md", "Markdown", 0, 0, 4, 0, 0, 0, 0, 0, 0, 0, 5, 9
"e:\Code\StudyManagement\views\asserts\js\lib\fullcalendar-4.4.0\packages\google-calendar\main.d.ts", "TypeScript", 0, 0, 0, 0, 0, 0, 0, 16, 0, 3, 3, 22
"e:\Code\StudyManagement\views\asserts\js\lib\fullcalendar-4.4.0\packages\google-calendar\main.esm.js", "JavaScript", 0, 132, 0, 0, 0, 0, 0, 0, 0, 30, 6, 168
"e:\Code\StudyManagement\views\asserts\js\lib\fullcalendar-4.4.0\packages\google-calendar\main.js", "JavaScript", 0, 138, 0, 0, 0, 0, 0, 0, 0, 30, 8, 176
"e:\Code\StudyManagement\views\asserts\js\lib\fullcalendar-4.4.0\packages\google-calendar\main.min.js", "JavaScript", 0, 1, 0, 0, 0, 0, 0, 0, 0, 5, 0, 6
"e:\Code\StudyManagement\views\asserts\js\lib\fullcalendar-4.4.0\packages\google-calendar\package.json", "JSON", 33, 0, 0, 0, 0, 0, 0, 0, 0, 0, 1, 34
"e:\Code\StudyManagement\views\asserts\js\lib\fullcalendar-4.4.0\packages\interaction\README.md", "Markdown", 0, 0, 4, 0, 0, 0, 0, 0, 0, 0, 5, 9
"e:\Code\StudyManagement\views\asserts\js\lib\fullcalendar-4.4.0\packages\interaction\main.d.ts", "TypeScript", 0, 0, 0, 0, 0, 0, 0, 307, 0, 3, 14, 324
"e:\Code\StudyManagement\views\asserts\js\lib\fullcalendar-4.4.0\packages\interaction\main.esm.js", "JavaScript", 0, 1897, 0, 0, 0, 0, 0, 0, 0, 221, 24, 2142
"e:\Code\StudyManagement\views\asserts\js\lib\fullcalendar-4.4.0\packages\interaction\main.js", "JavaScript", 0, 1906, 0, 0, 0, 0, 0, 0, 0, 221, 26, 2153
"e:\Code\StudyManagement\views\asserts\js\lib\fullcalendar-4.4.0\packages\interaction\main.min.js", "JavaScript", 0, 1, 0, 0, 0, 0, 0, 0, 0, 5, 0, 6
"e:\Code\StudyManagement\views\asserts\js\lib\fullcalendar-4.4.0\packages\interaction\package.json", "JSON", 33, 0, 0, 0, 0, 0, 0, 0, 0, 0, 1, 34
"e:\Code\StudyManagement\views\asserts\js\lib\fullcalendar-4.4.0\packages\list\README.md", "Markdown", 0, 0, 4, 0, 0, 0, 0, 0, 0, 0, 5, 9
"e:\Code\StudyManagement\views\asserts\js\lib\fullcalendar-4.4.0\packages\list\main.css", "CSS", 0, 0, 0, 0, 0, 82, 0, 0, 0, 15, 21, 118
"e:\Code\StudyManagement\views\asserts\js\lib\fullcalendar-4.4.0\packages\list\main.d.ts", "TypeScript", 0, 0, 0, 0, 0, 0, 0, 30, 0, 3, 4, 37
"e:\Code\StudyManagement\views\asserts\js\lib\fullcalendar-4.4.0\packages\list\main.esm.js", "JavaScript", 0, 306, 0, 0, 0, 0, 0, 0, 0, 34, 9, 349
"e:\Code\StudyManagement\views\asserts\js\lib\fullcalendar-4.4.0\packages\list\main.js", "JavaScript", 0, 312, 0, 0, 0, 0, 0, 0, 0, 34, 11, 357
"e:\Code\StudyManagement\views\asserts\js\lib\fullcalendar-4.4.0\packages\list\main.min.css", "CSS", 0, 0, 0, 0, 0, 1, 0, 0, 0, 0, 0, 1
"e:\Code\StudyManagement\views\asserts\js\lib\fullcalendar-4.4.0\packages\list\main.min.js", "JavaScript", 0, 1, 0, 0, 0, 0, 0, 0, 0, 5, 0, 6
"e:\Code\StudyManagement\views\asserts\js\lib\fullcalendar-4.4.0\packages\list\package.json", "JSON", 33, 0, 0, 0, 0, 0, 0, 0, 0, 0, 1, 34
"e:\Code\StudyManagement\views\asserts\js\lib\fullcalendar-4.4.0\packages\luxon\README.md", "Markdown", 0, 0, 4, 0, 0, 0, 0, 0, 0, 0, 5, 9
"e:\Code\StudyManagement\views\asserts\js\lib\fullcalendar-4.4.0\packages\luxon\main.d.ts", "TypeScript", 0, 0, 0, 0, 0, 0, 0, 8, 0, 4, 3, 15
"e:\Code\StudyManagement\views\asserts\js\lib\fullcalendar-4.4.0\packages\luxon\main.esm.js", "JavaScript", 0, 135, 0, 0, 0, 0, 0, 0, 0, 20, 8, 163
"e:\Code\StudyManagement\views\asserts\js\lib\fullcalendar-4.4.0\packages\luxon\main.js", "JavaScript", 0, 141, 0, 0, 0, 0, 0, 0, 0, 20, 10, 171
"e:\Code\StudyManagement\views\asserts\js\lib\fullcalendar-4.4.0\packages\luxon\main.min.js", "JavaScript", 0, 1, 0, 0, 0, 0, 0, 0, 0, 5, 0, 6
"e:\Code\StudyManagement\views\asserts\js\lib\fullcalendar-4.4.0\packages\luxon\package.json", "JSON", 34, 0, 0, 0, 0, 0, 0, 0, 0, 0, 1, 35
"e:\Code\StudyManagement\views\asserts\js\lib\fullcalendar-4.4.0\packages\moment-timezone\README.md", "Markdown", 0, 0, 4, 0, 0, 0, 0, 0, 0, 0, 5, 9
"e:\Code\StudyManagement\views\asserts\js\lib\fullcalendar-4.4.0\packages\moment-timezone\main.d.ts", "TypeScript", 0, 0, 0, 0, 0, 0, 0, 5, 0, 4, 3, 12
"e:\Code\StudyManagement\views\asserts\js\lib\fullcalendar-4.4.0\packages\moment-timezone\main.esm.js", "JavaScript", 0, 32, 0, 0, 0, 0, 0, 0, 0, 20, 7, 59
"e:\Code\StudyManagement\views\asserts\js\lib\fullcalendar-4.4.0\packages\moment-timezone\main.js", "JavaScript", 0, 36, 0, 0, 0, 0, 0, 0, 0, 20, 9, 65
"e:\Code\StudyManagement\views\asserts\js\lib\fullcalendar-4.4.0\packages\moment-timezone\main.min.js", "JavaScript", 0, 1, 0, 0, 0, 0, 0, 0, 0, 5, 0, 6
"e:\Code\StudyManagement\views\asserts\js\lib\fullcalendar-4.4.0\packages\moment-timezone\package.json", "JSON", 35, 0, 0, 0, 0, 0, 0, 0, 0, 0, 1, 36
"e:\Code\StudyManagement\views\asserts\js\lib\fullcalendar-4.4.0\packages\moment\README.md", "Markdown", 0, 0, 4, 0, 0, 0, 0, 0, 0, 0, 5, 9
"e:\Code\StudyManagement\views\asserts\js\lib\fullcalendar-4.4.0\packages\moment\main.d.ts", "TypeScript", 0, 0, 0, 0, 0, 0, 0, 8, 0, 4, 3, 15
"e:\Code\StudyManagement\views\asserts\js\lib\fullcalendar-4.4.0\packages\moment\main.esm.js", "JavaScript", 0, 94, 0, 0, 0, 0, 0, 0, 0, 5, 4, 103
"e:\Code\StudyManagement\views\asserts\js\lib\fullcalendar-4.4.0\packages\moment\main.js", "JavaScript", 0, 100, 0, 0, 0, 0, 0, 0, 0, 5, 6, 111
"e:\Code\StudyManagement\views\asserts\js\lib\fullcalendar-4.4.0\packages\moment\main.min.js", "JavaScript", 0, 1, 0, 0, 0, 0, 0, 0, 0, 5, 0, 6
"e:\Code\StudyManagement\views\asserts\js\lib\fullcalendar-4.4.0\packages\moment\package.json", "JSON", 34, 0, 0, 0, 0, 0, 0, 0, 0, 0, 1, 35
"e:\Code\StudyManagement\views\asserts\js\lib\fullcalendar-4.4.0\packages\rrule\README.md", "Markdown", 0, 0, 4, 0, 0, 0, 0, 0, 0, 0, 5, 9
"e:\Code\StudyManagement\views\asserts\js\lib\fullcalendar-4.4.0\packages\rrule\main.d.ts", "TypeScript", 0, 0, 0, 0, 0, 0, 0, 4, 0, 3, 3, 10
"e:\Code\StudyManagement\views\asserts\js\lib\fullcalendar-4.4.0\packages\rrule\main.esm.js", "JavaScript", 0, 94, 0, 0, 0, 0, 0, 0, 0, 22, 6, 122
"e:\Code\StudyManagement\views\asserts\js\lib\fullcalendar-4.4.0\packages\rrule\main.js", "JavaScript", 0, 99, 0, 0, 0, 0, 0, 0, 0, 22, 8, 129
"e:\Code\StudyManagement\views\asserts\js\lib\fullcalendar-4.4.0\packages\rrule\main.min.js", "JavaScript", 0, 1, 0, 0, 0, 0, 0, 0, 0, 5, 0, 6
"e:\Code\StudyManagement\views\asserts\js\lib\fullcalendar-4.4.0\packages\rrule\package.json", "JSON", 34, 0, 0, 0, 0, 0, 0, 0, 0, 0, 1, 35
"e:\Code\StudyManagement\views\asserts\js\lib\fullcalendar-4.4.0\packages\timegrid\README.md", "Markdown", 0, 0, 4, 0, 0, 0, 0, 0, 0, 0, 5, 9
"e:\Code\StudyManagement\views\asserts\js\lib\fullcalendar-4.4.0\packages\timegrid\main.css", "CSS", 0, 0, 0, 0, 0, 203, 0, 0, 0, 60, 46, 309
"e:\Code\StudyManagement\views\asserts\js\lib\fullcalendar-4.4.0\packages\timegrid\main.d.ts", "TypeScript", 0, 0, 0, 0, 0, 0, 0, 213, 0, 4, 8, 225
"e:\Code\StudyManagement\views\asserts\js\lib\fullcalendar-4.4.0\packages\timegrid\main.esm.js", "JavaScript", 0, 1185, 0, 0, 0, 0, 0, 0, 0, 189, 16, 1390
"e:\Code\StudyManagement\views\asserts\js\lib\fullcalendar-4.4.0\packages\timegrid\main.js", "JavaScript", 0, 1195, 0, 0, 0, 0, 0, 0, 0, 189, 18, 1402
"e:\Code\StudyManagement\views\asserts\js\lib\fullcalendar-4.4.0\packages\timegrid\main.min.css", "CSS", 0, 0, 0, 0, 0, 1, 0, 0, 0, 0, 0, 1
"e:\Code\StudyManagement\views\asserts\js\lib\fullcalendar-4.4.0\packages\timegrid\main.min.js", "JavaScript", 0, 1, 0, 0, 0, 0, 0, 0, 0, 5, 0, 6
"e:\Code\StudyManagement\views\asserts\js\lib\fullcalendar-4.4.0\packages\timegrid\package.json", "JSON", 36, 0, 0, 0, 0, 0, 0, 0, 0, 0, 1, 37
"e:\Code\StudyManagement\views\asserts\js\lib\fullcalendar-4.4.0\vendor\rrule.js", "JavaScript", 0, 3076, 0, 0, 0, 0, 0, 0, 0, 542, 164, 3782
"e:\Code\StudyManagement\views\asserts\js\lib\jquery.timeentry.package-2.0.1\jquery.plugin.js", "JavaScript", 0, 168, 0, 0, 0, 0, 0, 0, 0, 139, 37, 344
"e:\Code\StudyManagement\views\asserts\js\lib\jquery.timeentry.package-2.0.1\jquery.plugin.min.js", "JavaScript", 0, 1, 0, 0, 0, 0, 0, 0, 0, 3, 0, 4
"e:\Code\StudyManagement\views\asserts\js\lib\jquery.timeentry.package-2.0.1\jquery.timeentry-ar.js", "JavaScript", 0, 6, 0, 0, 0, 0, 0, 0, 0, 3, 1, 10
"e:\Code\StudyManagement\views\asserts\js\lib\jquery.timeentry.package-2.0.1\jquery.timeentry-ca.js", "JavaScript", 0, 6, 0, 0, 0, 0, 0, 0, 0, 3, 1, 10
"e:\Code\StudyManagement\views\asserts\js\lib\jquery.timeentry.package-2.0.1\jquery.timeentry-cs.js", "JavaScript", 0, 6, 0, 0, 0, 0, 0, 0, 0, 3, 1, 10
"e:\Code\StudyManagement\views\asserts\js\lib\jquery.timeentry.package-2.0.1\jquery.timeentry-de.js", "JavaScript", 0, 6, 0, 0, 0, 0, 0, 0, 0, 3, 1, 10
"e:\Code\StudyManagement\views\asserts\js\lib\jquery.timeentry.package-2.0.1\jquery.timeentry-es.js", "JavaScript", 0, 6, 0, 0, 0, 0, 0, 0, 0, 3, 1, 10
"e:\Code\StudyManagement\views\asserts\js\lib\jquery.timeentry.package-2.0.1\jquery.timeentry-fa.js", "JavaScript", 0, 6, 0, 0, 0, 0, 0, 0, 0, 3, 0, 9
"e:\Code\StudyManagement\views\asserts\js\lib\jquery.timeentry.package-2.0.1\jquery.timeentry-fr.js", "JavaScript", 0, 6, 0, 0, 0, 0, 0, 0, 0, 3, 1, 10
"e:\Code\StudyManagement\views\asserts\js\lib\jquery.timeentry.package-2.0.1\jquery.timeentry-hu.js", "JavaScript", 0, 6, 0, 0, 0, 0, 0, 0, 0, 3, 1, 10
"e:\Code\StudyManagement\views\asserts\js\lib\jquery.timeentry.package-2.0.1\jquery.timeentry-is.js", "JavaScript", 0, 6, 0, 0, 0, 0, 0, 0, 0, 3, 1, 10
"e:\Code\StudyManagement\views\asserts\js\lib\jquery.timeentry.package-2.0.1\jquery.timeentry-it.js", "JavaScript", 0, 6, 0, 0, 0, 0, 0, 0, 0, 3, 1, 10
"e:\Code\StudyManagement\views\asserts\js\lib\jquery.timeentry.package-2.0.1\jquery.timeentry-ja.js", "JavaScript", 0, 6, 0, 0, 0, 0, 0, 0, 0, 3, 1, 10
"e:\Code\StudyManagement\views\asserts\js\lib\jquery.timeentry.package-2.0.1\jquery.timeentry-lt.js", "JavaScript", 0, 6, 0, 0, 0, 0, 0, 0, 0, 3, 1, 10
"e:\Code\StudyManagement\views\asserts\js\lib\jquery.timeentry.package-2.0.1\jquery.timeentry-lv.js", "JavaScript", 0, 6, 0, 0, 0, 0, 0, 0, 0, 3, 0, 9
"e:\Code\StudyManagement\views\asserts\js\lib\jquery.timeentry.package-2.0.1\jquery.timeentry-nl.js", "JavaScript", 0, 6, 0, 0, 0, 0, 0, 0, 0, 3, 1, 10
"e:\Code\StudyManagement\views\asserts\js\lib\jquery.timeentry.package-2.0.1\jquery.timeentry-pl.js", "JavaScript", 0, 6, 0, 0, 0, 0, 0, 0, 0, 3, 1, 10
"e:\Code\StudyManagement\views\asserts\js\lib\jquery.timeentry.package-2.0.1\jquery.timeentry-pt.js", "JavaScript", 0, 6, 0, 0, 0, 0, 0, 0, 0, 3, 1, 10
"e:\Code\StudyManagement\views\asserts\js\lib\jquery.timeentry.package-2.0.1\jquery.timeentry-ro.js", "JavaScript", 0, 6, 0, 0, 0, 0, 0, 0, 0, 3, 1, 10
"e:\Code\StudyManagement\views\asserts\js\lib\jquery.timeentry.package-2.0.1\jquery.timeentry-ru.js", "JavaScript", 0, 6, 0, 0, 0, 0, 0, 0, 0, 3, 1, 10
"e:\Code\StudyManagement\views\asserts\js\lib\jquery.timeentry.package-2.0.1\jquery.timeentry-sk.js", "JavaScript", 0, 6, 0, 0, 0, 0, 0, 0, 0, 3, 1, 10
"e:\Code\StudyManagement\views\asserts\js\lib\jquery.timeentry.package-2.0.1\jquery.timeentry-sv.js", "JavaScript", 0, 6, 0, 0, 0, 0, 0, 0, 0, 3, 1, 10
"e:\Code\StudyManagement\views\asserts\js\lib\jquery.timeentry.package-2.0.1\jquery.timeentry-tr.js", "JavaScript", 0, 6, 0, 0, 0, 0, 0, 0, 0, 3, 1, 10
"e:\Code\StudyManagement\views\asserts\js\lib\jquery.timeentry.package-2.0.1\jquery.timeentry-vi.js", "JavaScript", 0, 6, 0, 0, 0, 0, 0, 0, 0, 3, 2, 11
"e:\Code\StudyManagement\views\asserts\js\lib\jquery.timeentry.package-2.0.1\jquery.timeentry-zh-CN.js", "JavaScript", 0, 6, 0, 0, 0, 0, 0, 0, 0, 3, 1, 10
"e:\Code\StudyManagement\views\asserts\js\lib\jquery.timeentry.package-2.0.1\jquery.timeentry-zh-TW.js", "JavaScript", 0, 6, 0, 0, 0, 0, 0, 0, 0, 3, 1, 10
"e:\Code\StudyManagement\views\asserts\js\lib\jquery.timeentry.package-2.0.1\jquery.timeentry.css", "CSS", 0, 0, 0, 0, 0, 4, 0, 0, 0, 1, 1, 6
"e:\Code\StudyManagement\views\asserts\js\lib\jquery.timeentry.package-2.0.1\jquery.timeentry.js", "JavaScript", 0, 735, 0, 0, 0, 0, 0, 0, 0, 268, 57, 1060
"e:\Code\StudyManagement\views\asserts\js\lib\jquery.timeentry.package-2.0.1\jquery.timeentry.min.js", "JavaScript", 0, 1, 0, 0, 0, 0, 0, 0, 0, 5, 0, 6
"e:\Code\StudyManagement\views\asserts\js\lib\jquery.timeentry.package-2.0.1\timeEntryBasic.html", "HTML", 0, 0, 0, 25, 0, 0, 0, 0, 0, 0, 1, 26
"e:\Code\StudyManagement\views\asserts\js\lib\jscolor\jscolor.js", "JavaScript", 0, 1365, 0, 0, 0, 0, 0, 0, 0, 163, 329, 1857
"e:\Code\StudyManagement\views\asserts\js\lib\sweetalert2\CHANGELOG.md", "Markdown", 0, 0, 613, 0, 0, 0, 0, 0, 0, 0, 736, 1349
"e:\Code\StudyManagement\views\asserts\js\lib\sweetalert2\README.md", "Markdown", 0, 0, 184, 0, 0, 0, 0, 0, 0, 1, 78, 263
"e:\Code\StudyManagement\views\asserts\js\lib\sweetalert2\dist\sweetalert2.all.js", "JavaScript", 0, 2317, 0, 0, 0, 0, 0, 0, 0, 248, 548, 3113
"e:\Code\StudyManagement\views\asserts\js\lib\sweetalert2\dist\sweetalert2.all.min.js", "JavaScript", 0, 2, 0, 0, 0, 0, 0, 0, 0, 0, 0, 2
"e:\Code\StudyManagement\views\asserts\js\lib\sweetalert2\dist\sweetalert2.css", "CSS", 0, 0, 0, 0, 0, 1341, 0, 0, 0, 0, 30, 1371
"e:\Code\StudyManagement\views\asserts\js\lib\sweetalert2\dist\sweetalert2.js", "JavaScript", 0, 2317, 0, 0, 0, 0, 0, 0, 0, 247, 548, 3112
"e:\Code\StudyManagement\views\asserts\js\lib\sweetalert2\dist\sweetalert2.min.css", "CSS", 0, 0, 0, 0, 0, 1, 0, 0, 0, 0, 0, 1
"e:\Code\StudyManagement\views\asserts\js\lib\sweetalert2\dist\sweetalert2.min.js", "JavaScript", 0, 1, 0, 0, 0, 0, 0, 0, 0, 0, 0, 1
"e:\Code\StudyManagement\views\asserts\js\lib\sweetalert2\package.json", "JSON", 108, 0, 0, 0, 0, 0, 0, 0, 0, 0, 1, 109
"e:\Code\StudyManagement\views\asserts\js\lib\sweetalert2\src\SweetAlert.js", "JavaScript", 0, 48, 0, 0, 0, 0, 0, 0, 0, 6, 16, 70
"e:\Code\StudyManagement\views\asserts\js\lib\sweetalert2\src\constants.js", "JavaScript", 0, 1, 0, 0, 0, 0, 0, 0, 0, 0, 1, 2
"e:\Code\StudyManagement\views\asserts\js\lib\sweetalert2\src\globalState.js", "JavaScript", 0, 24, 0, 0, 0, 0, 0, 0, 0, 2, 5, 31
"e:\Code\StudyManagement\views\asserts\js\lib\sweetalert2\src\instanceMethods.js", "JavaScript", 0, 9, 0, 0, 0, 0, 0, 0, 0, 0, 1, 10
"e:\Code\StudyManagement\views\asserts\js\lib\sweetalert2\src\instanceMethods\_destroy.js", "JavaScript", 0, 34, 0, 0, 0, 0, 0, 0, 0, 5, 8, 47
"e:\Code\StudyManagement\views\asserts\js\lib\sweetalert2\src\instanceMethods\_main.js", "JavaScript", 0, 127, 0, 0, 0, 0, 0, 0, 0, 5, 32, 164
"e:\Code\StudyManagement\views\asserts\js\lib\sweetalert2\src\instanceMethods\buttons-handlers.js", "JavaScript", 0, 63, 0, 0, 0, 0, 0, 0, 0, 0, 8, 71
"e:\Code\StudyManagement\views\asserts\js\lib\sweetalert2\src\instanceMethods\close.js", "JavaScript", 0, 93, 0, 0, 0, 0, 0, 0, 0, 6, 21, 120
"e:\Code\StudyManagement\views\asserts\js\lib\sweetalert2\src\instanceMethods\enable-disable-elements.js", "JavaScript", 0, 33, 0, 0, 0, 0, 0, 0, 0, 0, 7, 40
"e:\Code\StudyManagement\views\asserts\js\lib\sweetalert2\src\instanceMethods\getInput.js", "JavaScript", 0, 10, 0, 0, 0, 0, 0, 0, 0, 1, 2, 13
"e:\Code\StudyManagement\views\asserts\js\lib\sweetalert2\src\instanceMethods\hideLoading.js", "JavaScript", 0, 25, 0, 0, 0, 0, 0, 0, 0, 4, 3, 32
"e:\Code\StudyManagement\views\asserts\js\lib\sweetalert2\src\instanceMethods\keydown-handler.js", "JavaScript", 0, 99, 0, 0, 0, 0, 0, 0, 0, 14, 23, 136
"e:\Code\StudyManagement\views\asserts\js\lib\sweetalert2\src\instanceMethods\popup-click-handler.js", "JavaScript", 0, 60, 0, 0, 0, 0, 0, 0, 0, 7, 9, 76
"e:\Code\StudyManagement\views\asserts\js\lib\sweetalert2\src\instanceMethods\progress-steps.js", "JavaScript", 0, 5, 0, 0, 0, 0, 0, 0, 0, 0, 2, 7
"e:\Code\StudyManagement\views\asserts\js\lib\sweetalert2\src\instanceMethods\show-reset-validation-error.js", "JavaScript", 0, 30, 0, 0, 0, 0, 0, 0, 0, 2, 5, 37
"e:\Code\StudyManagement\views\asserts\js\lib\sweetalert2\src\instanceMethods\update.js", "JavaScript", 0, 29, 0, 0, 0, 0, 0, 0, 0, 4, 8, 41
"e:\Code\StudyManagement\views\asserts\js\lib\sweetalert2\src\privateMethods.js", "JavaScript", 0, 3, 0, 0, 0, 0, 0, 0, 0, 9, 2, 14
"e:\Code\StudyManagement\views\asserts\js\lib\sweetalert2\src\privateProps.js", "JavaScript", 0, 5, 0, 0, 0, 0, 0, 0, 0, 9, 2, 16
"e:\Code\StudyManagement\views\asserts\js\lib\sweetalert2\src\scss\_animations.scss", "SCSS", 0, 0, 0, 0, 0, 0, 127, 0, 0, 4, 28, 159
"e:\Code\StudyManagement\views\asserts\js\lib\sweetalert2\src\scss\_body.scss", "SCSS", 0, 0, 0, 0, 0, 0, 84, 0, 0, 0, 17, 101
"e:\Code\StudyManagement\views\asserts\js\lib\sweetalert2\src\scss\_core.scss", "SCSS", 0, 0, 0, 0, 0, 0, 666, 0, 0, 10, 107, 783
"e:\Code\StudyManagement\views\asserts\js\lib\sweetalert2\src\scss\_mixins.scss", "SCSS", 0, 0, 0, 0, 0, 0, 17, 0, 0, 1, 5, 23
"e:\Code\StudyManagement\views\asserts\js\lib\sweetalert2\src\scss\_polyfills.scss", "SCSS", 0, 0, 0, 0, 0, 0, 29, 0, 0, 3, 6, 38
"e:\Code\StudyManagement\views\asserts\js\lib\sweetalert2\src\scss\_theming.scss", "SCSS", 0, 0, 0, 0, 0, 0, 5, 0, 0, 2, 2, 9
"e:\Code\StudyManagement\views\asserts\js\lib\sweetalert2\src\scss\_toasts-animations.scss", "SCSS", 0, 0, 0, 0, 0, 0, 69, 0, 0, 1, 14, 84
"e:\Code\StudyManagement\views\asserts\js\lib\sweetalert2\src\scss\_toasts-body.scss", "SCSS", 0, 0, 0, 0, 0, 0, 95, 0, 0, 0, 15, 110
"e:\Code\StudyManagement\views\asserts\js\lib\sweetalert2\src\scss\_toasts.scss", "SCSS", 0, 0, 0, 0, 0, 0, 144, 0, 0, 0, 29, 173
"e:\Code\StudyManagement\views\asserts\js\lib\sweetalert2\src\staticMethods.js", "JavaScript", 0, 12, 0, 0, 0, 0, 0, 0, 0, 0, 1, 13
"e:\Code\StudyManagement\views\asserts\js\lib\sweetalert2\src\staticMethods\argsToParams.js", "JavaScript", 0, 19, 0, 0, 0, 0, 0, 0, 0, 0, 3, 22
"e:\Code\StudyManagement\views\asserts\js\lib\sweetalert2\src\staticMethods\dom.js", "JavaScript", 0, 27, 0, 0, 0, 0, 0, 0, 0, 9, 5, 41
"e:\Code\StudyManagement\views\asserts\js\lib\sweetalert2\src\staticMethods\fire.js", "JavaScript", 0, 4, 0, 0, 0, 0, 0, 0, 0, 0, 1, 5
"e:\Code\StudyManagement\views\asserts\js\lib\sweetalert2\src\staticMethods\mixin.js", "JavaScript", 0, 8, 0, 0, 0, 0, 0, 0, 0, 18, 2, 28
"e:\Code\StudyManagement\views\asserts\js\lib\sweetalert2\src\staticMethods\queue.js", "JavaScript", 0, 40, 0, 0, 0, 0, 0, 0, 0, 13, 8, 61
"e:\Code\StudyManagement\views\asserts\js\lib\sweetalert2\src\staticMethods\showLoading.js", "JavaScript", 0, 23, 0, 0, 0, 0, 0, 0, 0, 3, 5, 31
"e:\Code\StudyManagement\views\asserts\js\lib\sweetalert2\src\staticMethods\timer.js", "JavaScript", 0, 32, 0, 0, 0, 0, 0, 0, 0, 25, 7, 64
"e:\Code\StudyManagement\views\asserts\js\lib\sweetalert2\src\sweetalert2.js", "JavaScript", 0, 4, 0, 0, 0, 0, 0, 0, 0, 0, 3, 7
"e:\Code\StudyManagement\views\asserts\js\lib\sweetalert2\src\sweetalert2.scss", "SCSS", 0, 0, 0, 0, 0, 0, 7, 0, 0, 2, 3, 12
"e:\Code\StudyManagement\views\asserts\js\lib\sweetalert2\src\utils\DismissReason.js", "JavaScript", 0, 7, 0, 0, 0, 0, 0, 0, 0, 0, 1, 8
"e:\Code\StudyManagement\views\asserts\js\lib\sweetalert2\src\utils\Timer.js", "JavaScript", 0, 45, 0, 0, 0, 0, 0, 0, 0, 0, 7, 52
"e:\Code\StudyManagement\views\asserts\js\lib\sweetalert2\src\utils\aria.js", "JavaScript", 0, 26, 0, 0, 0, 0, 0, 0, 0, 4, 5, 35
"e:\Code\StudyManagement\views\asserts\js\lib\sweetalert2\src\utils\classes.js", "JavaScript", 0, 85, 0, 0, 0, 0, 0, 0, 0, 0, 4, 89
"e:\Code\StudyManagement\views\asserts\js\lib\sweetalert2\src\utils\defaultInputValidators.js", "JavaScript", 0, 12, 0, 0, 0, 0, 0, 0, 0, 1, 1, 14
"e:\Code\StudyManagement\views\asserts\js\lib\sweetalert2\src\utils\dom\animationEndEvent.js", "JavaScript", 0, 18, 0, 0, 0, 0, 0, 0, 0, 2, 4, 24
"e:\Code\StudyManagement\views\asserts\js\lib\sweetalert2\src\utils\dom\domUtils.js", "JavaScript", 0, 163, 0, 0, 0, 0, 0, 0, 0, 6, 27, 196
"e:\Code\StudyManagement\views\asserts\js\lib\sweetalert2\src\utils\dom\getters.js", "JavaScript", 0, 77, 0, 0, 0, 0, 0, 0, 0, 2, 27, 106
"e:\Code\StudyManagement\views\asserts\js\lib\sweetalert2\src\utils\dom\index.js", "JavaScript", 0, 7, 0, 0, 0, 0, 0, 0, 0, 0, 1, 8
"e:\Code\StudyManagement\views\asserts\js\lib\sweetalert2\src\utils\dom\init.js", "JavaScript", 0, 124, 0, 0, 0, 0, 0, 0, 0, 5, 20, 149
"e:\Code\StudyManagement\views\asserts\js\lib\sweetalert2\src\utils\dom\inputUtils.js", "JavaScript", 0, 118, 0, 0, 0, 0, 0, 0, 0, 4, 11, 133
"e:\Code\StudyManagement\views\asserts\js\lib\sweetalert2\src\utils\dom\measureScrollbar.js", "JavaScript", 0, 9, 0, 0, 0, 0, 0, 0, 0, 2, 2, 13
"e:\Code\StudyManagement\views\asserts\js\lib\sweetalert2\src\utils\dom\parseHtmlToContainer.js", "JavaScript", 0, 27, 0, 0, 0, 0, 0, 0, 0, 5, 7, 39
"e:\Code\StudyManagement\views\asserts\js\lib\sweetalert2\src\utils\dom\renderers\render.js", "JavaScript", 0, 18, 0, 0, 0, 0, 0, 0, 0, 0, 4, 22
"e:\Code\StudyManagement\views\asserts\js\lib\sweetalert2\src\utils\dom\renderers\renderActions.js", "JavaScript", 0, 47, 0, 0, 0, 0, 0, 0, 0, 7, 12, 66
"e:\Code\StudyManagement\views\asserts\js\lib\sweetalert2\src\utils\dom\renderers\renderCloseButton.js", "JavaScript", 0, 8, 0, 0, 0, 0, 0, 0, 0, 1, 5, 14
"e:\Code\StudyManagement\views\asserts\js\lib\sweetalert2\src\utils\dom\renderers\renderContainer.js", "JavaScript", 0, 44, 0, 0, 0, 0, 0, 0, 0, 2, 11, 57
"e:\Code\StudyManagement\views\asserts\js\lib\sweetalert2\src\utils\dom\renderers\renderContent.js", "JavaScript", 0, 17, 0, 0, 0, 0, 0, 0, 0, 4, 7, 28
"e:\Code\StudyManagement\views\asserts\js\lib\sweetalert2\src\utils\dom\renderers\renderFooter.js", "JavaScript", 0, 9, 0, 0, 0, 0, 0, 0, 0, 1, 5, 15
"e:\Code\StudyManagement\views\asserts\js\lib\sweetalert2\src\utils\dom\renderers\renderHeader.js", "JavaScript", 0, 15, 0, 0, 0, 0, 0, 0, 0, 6, 8, 29
"e:\Code\StudyManagement\views\asserts\js\lib\sweetalert2\src\utils\dom\renderers\renderIcon.js", "JavaScript", 0, 67, 0, 0, 0, 0, 0, 0, 0, 5, 14, 86
"e:\Code\StudyManagement\views\asserts\js\lib\sweetalert2\src\utils\dom\renderers\renderImage.js", "JavaScript", 0, 15, 0, 0, 0, 0, 0, 0, 0, 3, 7, 25
"e:\Code\StudyManagement\views\asserts\js\lib\sweetalert2\src\utils\dom\renderers\renderInput.js", "JavaScript", 0, 145, 0, 0, 0, 0, 0, 0, 0, 6, 29, 180
"e:\Code\StudyManagement\views\asserts\js\lib\sweetalert2\src\utils\dom\renderers\renderPopup.js", "JavaScript", 0, 27, 0, 0, 0, 0, 0, 0, 0, 7, 10, 44
"e:\Code\StudyManagement\views\asserts\js\lib\sweetalert2\src\utils\dom\renderers\renderProgressSteps.js", "JavaScript", 0, 44, 0, 0, 0, 0, 0, 0, 0, 0, 7, 51
"e:\Code\StudyManagement\views\asserts\js\lib\sweetalert2\src\utils\dom\renderers\renderTitle.js", "JavaScript", 0, 12, 0, 0, 0, 0, 0, 0, 0, 1, 6, 19
"e:\Code\StudyManagement\views\asserts\js\lib\sweetalert2\src\utils\ieFix.js", "JavaScript", 0, 21, 0, 0, 0, 0, 0, 0, 0, 3, 6, 30
"e:\Code\StudyManagement\views\asserts\js\lib\sweetalert2\src\utils\iosFix.js", "JavaScript", 0, 49, 0, 0, 0, 0, 0, 0, 0, 2, 6, 57
"e:\Code\StudyManagement\views\asserts\js\lib\sweetalert2\src\utils\isNodeEnv.js", "JavaScript", 0, 1, 0, 0, 0, 0, 0, 0, 0, 1, 1, 3
"e:\Code\StudyManagement\views\asserts\js\lib\sweetalert2\src\utils\openPopup.js", "JavaScript", 0, 63, 0, 0, 0, 0, 0, 0, 0, 8, 14, 85
"e:\Code\StudyManagement\views\asserts\js\lib\sweetalert2\src\utils\params.js", "JavaScript", 0, 151, 0, 0, 0, 0, 0, 0, 0, 17, 15, 183
"e:\Code\StudyManagement\views\asserts\js\lib\sweetalert2\src\utils\scrollbarFix.js", "JavaScript", 0, 16, 0, 0, 0, 0, 0, 0, 0, 3, 3, 22
"e:\Code\StudyManagement\views\asserts\js\lib\sweetalert2\src\utils\setParameters.js", "JavaScript", 0, 38, 0, 0, 0, 0, 0, 0, 0, 14, 9, 61
"e:\Code\StudyManagement\views\asserts\js\lib\sweetalert2\src\utils\utils.js", "JavaScript", 0, 31, 0, 0, 0, 0, 0, 0, 0, 41, 12, 84
"e:\Code\StudyManagement\views\asserts\js\lib\sweetalert2\src\variables.scss", "SCSS", 0, 0, 0, 0, 0, 0, 142, 0, 0, 23, 24, 189
"e:\Code\StudyManagement\views\asserts\js\lib\sweetalert2\sweetalert2.d.ts", "TypeScript", 0, 0, 0, 0, 0, 0, 0, 177, 0, 671, 133, 981
"e:\Code\StudyManagement\views\asserts\js\overlay.js", "JavaScript", 0, 12, 0, 0, 0, 0, 0, 0, 0, 0, 4, 16
"e:\Code\StudyManagement\views\asserts\js\quicksortSubject.js", "JavaScript", 0, 178, 0, 0, 0, 0, 0, 0, 0, 7, 11, 196
"e:\Code\StudyManagement\views\asserts\js\quicksortTeacher.js", "JavaScript", 0, 74, 0, 0, 0, 0, 0, 0, 0, 6, 7, 87
"e:\Code\StudyManagement\views\asserts\js\subject.js", "JavaScript", 0, 121, 0, 0, 0, 0, 0, 0, 0, 19, 9, 149
"e:\Code\StudyManagement\views\asserts\js\teacher.js", "JavaScript", 0, 61, 0, 0, 0, 0, 0, 0, 0, 1, 7, 69
"e:\Code\StudyManagement\views\asserts\js\timetable.js", "JavaScript", 0, 117, 0, 0, 0, 0, 0, 0, 0, 39, 6, 162
"e:\Code\StudyManagement\views\asserts\js\validate.js", "JavaScript", 0, 31, 0, 0, 0, 0, 0, 0, 0, 0, 3, 34
"e:\Code\StudyManagement\views\asserts\scss\dashboard.scss", "SCSS", 0, 0, 0, 0, 0, 0, 106, 0, 0, 0, 6, 112
"e:\Code\StudyManagement\views\asserts\scss\event.scss", "SCSS", 0, 0, 0, 0, 0, 0, 116, 0, 0, 23, 8, 147
"e:\Code\StudyManagement\views\asserts\scss\forget.scss", "SCSS", 0, 0, 0, 0, 0, 0, 61, 0, 0, 0, 2, 63
"e:\Code\StudyManagement\views\asserts\scss\grade.scss", "SCSS", 0, 0, 0, 0, 0, 0, 87, 0, 0, 0, 2, 89
"e:\Code\StudyManagement\views\asserts\scss\home.scss", "SCSS", 0, 0, 0, 0, 0, 0, 65, 0, 0, 2, 2, 69
"e:\Code\StudyManagement\views\asserts\scss\login-register.scss", "SCSS", 0, 0, 0, 0, 0, 0, 31, 0, 0, 0, 4, 35
"e:\Code\StudyManagement\views\asserts\scss\login.scss", "SCSS", 0, 0, 0, 0, 0, 0, 63, 0, 0, 0, 2, 65
"e:\Code\StudyManagement\views\asserts\scss\notfound.scss", "SCSS", 0, 0, 0, 0, 0, 0, 48, 0, 0, 0, 4, 52
"e:\Code\StudyManagement\views\asserts\scss\register.scss", "SCSS", 0, 0, 0, 0, 0, 0, 79, 0, 0, 0, 2, 81
"e:\Code\StudyManagement\views\asserts\scss\subject.scss", "SCSS", 0, 0, 0, 0, 0, 0, 153, 0, 0, 1, 9, 163
"e:\Code\StudyManagement\views\asserts\scss\teacher.scss", "SCSS", 0, 0, 0, 0, 0, 0, 142, 0, 0, 0, 5, 147
"e:\Code\StudyManagement\views\asserts\scss\timetable.scss", "SCSS", 0, 0, 0, 0, 0, 0, 58, 0, 0, 0, 11, 69
"e:\Code\StudyManagement\views\dashboard.html", "HTML", 0, 0, 0, 42, 0, 0, 0, 0, 0, 0, 3, 45
"e:\Code\StudyManagement\views\event.html", "HTML", 0, 0, 0, 93, 0, 0, 0, 0, 0, 13, 4, 110
"e:\Code\StudyManagement\views\forget.html", "HTML", 0, 0, 0, 27, 0, 0, 0, 0, 0, 0, 3, 30
"e:\Code\StudyManagement\views\grade.html", "HTML", 0, 0, 0, 47, 0, 0, 0, 0, 0, 1, 4, 52
"e:\Code\StudyManagement\views\login.html", "HTML", 0, 0, 0, 40, 0, 0, 0, 0, 0, 0, 3, 43
"e:\Code\StudyManagement\views\notfound.html", "HTML", 0, 0, 0, 19, 0, 0, 0, 0, 0, 0, 3, 22
"e:\Code\StudyManagement\views\option.html", "HTML", 0, 0, 0, 0, 0, 0, 0, 0, 0, 0, 1, 1
"e:\Code\StudyManagement\views\placeholder\code.html", "HTML", 0, 0, 0, 27, 0, 0, 0, 0, 0, 0, 3, 30
"e:\Code\StudyManagement\views\placeholder\common.html", "HTML", 0, 0, 0, 0, 0, 0, 0, 0, 0, 0, 1, 1
"e:\Code\StudyManagement\views\placeholder\event-card.html", "HTML", 0, 0, 0, 8, 0, 0, 0, 0, 0, 0, 0, 8
"e:\Code\StudyManagement\views\placeholder\event-data.html", "HTML", 0, 0, 0, 0, 0, 0, 0, 0, 0, 0, 1, 1
"e:\Code\StudyManagement\views\placeholder\event-on-timetable.html", "HTML", 0, 0, 0, 0, 0, 0, 0, 0, 0, 0, 1, 1
"e:\Code\StudyManagement\views\placeholder\option.html", "HTML", 0, 0, 0, 0, 0, 0, 0, 0, 0, 0, 1, 1
"e:\Code\StudyManagement\views\placeholder\subject-card.html", "HTML", 0, 0, 0, 10, 0, 0, 0, 0, 0, 0, 0, 10
"e:\Code\StudyManagement\views\placeholder\subject-data.html", "HTML", 0, 0, 0, 0, 0, 0, 0, 0, 0, 0, 1, 1
"e:\Code\StudyManagement\views\placeholder\subject-on-timetable.html", "HTML", 0, 0, 0, 0, 0, 0, 0, 0, 0, 0, 1, 1
"e:\Code\StudyManagement\views\placeholder\teacher-data.html", "HTML", 0, 0, 0, 0, 0, 0, 0, 0, 0, 0, 1, 1
"e:\Code\StudyManagement\views\placeholder\teacher-name.html", "HTML", 0, 0, 0, 0, 0, 0, 0, 0, 0, 0, 1, 1
"e:\Code\StudyManagement\views\placeholder\timetable-data.html", "HTML", 0, 0, 0, 0, 0, 0, 0, 0, 0, 0, 1, 1
"e:\Code\StudyManagement\views\register.html", "HTML", 0, 0, 0, 63, 0, 0, 0, 0, 0, 0, 3, 66
"e:\Code\StudyManagement\views\subject.html", "HTML", 0, 0, 0, 163, 0, 0, 0, 0, 0, 0, 5, 168
"e:\Code\StudyManagement\views\teacher.html", "HTML", 0, 0, 0, 84, 0, 0, 0, 0, 0, 1, 6, 91
"e:\Code\StudyManagement\views\timetable.html", "HTML", 0, 0, 0, 45, 0, 0, 0, 0, 0, 12, 4, 61
"Total", "-", 3588, 47805, 876, 2384, 627, 5811, 2394, 3729, 91, 6554, 6174, 80033